crop,area1000hectares,production1000tonnes,irrigatedarea1000hectares,districtcode,year,statecode,statename,nitrogenconsumptiontonnes,phosphateconsumptiontonnes,potashconsumptiontonnes,districtname,district,kharif_rainfall_mm,District Name,salinity_alkalinity_percentage
Finger Millet,,,,1,2017,14,Chhattisgarh,91447,53486,16993,Durg,Durg,805.98,Durg,0.0
Finger Millet,6.3000002,1.4400001,0.0,2,2017,14,Chhattisgarh,21279,12584,4271,Bastar,Bastar,781.24999,Bastar,0.0
Finger Millet,0.19,0.039999999,0.0,3,2017,14,Chhattisgarh,92008,47721,15054,Raipur,Raipur,621.32999,Raipur,0.0
Finger Millet,,,,4,2017,14,Chhattisgarh,72926,29713,6915,Bilaspur,Bilaspur,606.37,Bilaspur,0.390813256
Finger Millet,0.23999999,0.039999999,0.0,5,2017,14,Chhattisgarh,31282,13620,3707,Raigarh,Raigarh,563.34,Raigarh,0.0
Finger Millet,0.52999997,0.12,0.0,6,2017,14,Chhattisgarh,21139,11878,4438,Surguja,Surguja,516.769989,Surguja,0.0
Finger Millet,,,,7,2017,6,Madhya Pradesh,62230,30800,2116,Jabalpur,Jabalpur,775.4,Jabalpur,0.0
Finger Millet,,,,8,2017,6,Madhya Pradesh,18299,10688,575,Balaghat,Balaghat,899.95999,Balaghat,0.0
Finger Millet,,,,9,2017,6,Madhya Pradesh,57518,20108,6518,Chhindwara,Chhindwara,882.4997900000001,Chhindwara,0.0
Finger Millet,,,,10,2017,6,Madhya Pradesh,21631,10429,2037,Narsinghpur,Narsinghpur,771.73,Narsinghpur,0.0
Finger Millet,,,,11,2017,6,Madhya Pradesh,48504,13250,1833,Seoni,Seoni,845.30999,Seoni,0.0
Finger Millet,,,,12,2017,6,Madhya Pradesh,11207,4172,136,Mandla,Mandla,864.13001,Mandla,0.0
Finger Millet,,,,13,2017,6,Madhya Pradesh,20399,17510,506,Sagar,Sagar,832.8900100000001,Sagar,0.026945804
Finger Millet,,,,14,2017,6,Madhya Pradesh,10634,9534,115,Damoh,Damoh,711.789992,Damoh,0.0
Finger Millet,,,,15,2017,6,Madhya Pradesh,8357,3862,98,Tikamgarh,Tikamgarh,573.660016,Tikamgarh,0.0
Finger Millet,,,,16,2017,6,Madhya Pradesh,14565,11159,140,Chhatarpur,Chhatarpur,641.629988,Chhatarpur,0.028967587
Finger Millet,,,,17,2017,6,Madhya Pradesh,6615,4493,54,Panna,Panna,778.030002,Panna,0.097995568
Finger Millet,,,,18,2017,6,Madhya Pradesh,26124,11848,200,Rewa,Rewa,735.399998,Rewa,0.0
Finger Millet,,,,19,2017,6,Madhya Pradesh,10828,4735,39,Sidhi,Sidhi,748.500007,Sidhi,0.0
Finger Millet,,,,20,2017,6,Madhya Pradesh,29067,15084,353,Satna,Satna,673.725718,Satna,0.077830968
Finger Millet,,,,21,2017,6,Madhya Pradesh,10825,6431,163,Shahdol,Shahdol,695.331075,Shahdol,0.0
Finger Millet,,,,22,2017,6,Madhya Pradesh,27042,12605,467,Gwalior,Gwalior,410.739987,Gwalior,7.497097925
Finger Millet,,,,23,2017,6,Madhya Pradesh,19578,13081,371,Shivpuri,Shivpuri,487.100002,Shivpuri,0.234281321
Finger Millet,,,,24,2017,6,Madhya Pradesh,29620,22561,315,Guna,Guna,652.379991,Guna,0.0
Finger Millet,,,,25,2017,6,Madhya Pradesh,21273,7790,249,Datia,Datia,410.900781,Datia,7.39401972
Finger Millet,,,,26,2017,6,Madhya Pradesh,49982,18447,680,Morena,Morena,459.31,Morena,1.992025151
Finger Millet,,,,27,2017,6,Madhya Pradesh,28195,14286,258,Bhind,Bhind,465.070001,Bhind,9.704449373
Finger Millet,,,,28,2017,6,Madhya Pradesh,39595,20470,5622,Indore,Indore,724.27001,Indore,0.046443486
Finger Millet,,,,29,2017,6,Madhya Pradesh,35385,17110,4806,Ratlam,Ratlam,809.689987,Ratlam,5.433769244
Finger Millet,,,,30,2017,6,Madhya Pradesh,42030,30956,5569,Ujjain,Ujjain,795.3299900000001,Ujjain,8.159691036
Finger Millet,,,,31,2017,6,Madhya Pradesh,43079,20401,6526,Mandsaur,Mandsaur,933.900002,Mandsaur,9.485868506
Finger Millet,,,,32,2017,6,Madhya Pradesh,27680,15628,3499,Dewas,Dewas,646.65001,Dewas,1.117636308
Finger Millet,,,,33,2017,6,Madhya Pradesh,66096,32417,7376,Dhar,Dhar,744.47,Dhar,0.253968898
Finger Millet,,,,34,2017,6,Madhya Pradesh,31046,8329,1223,Jhabua,Jhabua,838.9599900000001,Jhabua,0.118634386
Finger Millet,,,,37,2017,6,Madhya Pradesh,63904,34186,1417,Sehore,Sehore,799.1999900000001,Sehore,0.0
Finger Millet,,,,38,2017,6,Madhya Pradesh,40839,23884,876,Raisen,Raisen,845.5600000000001,Raisen,0.0
Finger Millet,,,,39,2017,6,Madhya Pradesh,23628,20800,801,Vidisha,Vidisha,787.12001,Vidisha,0.0
Finger Millet,,,,40,2017,6,Madhya Pradesh,32640,10643,1553,Betul,Betul,654.62,Betul,0.0
Finger Millet,,,,41,2017,6,Madhya Pradesh,35199,21501,1209,Rajgarh,Rajgarh,755.74002,Rajgarh,0.0
Finger Millet,,,,42,2017,6,Madhya Pradesh,27278,21798,3008,Shajapur,Shajapur,754.15002,Shajapur,0.0
Finger Millet,,,,43,2017,6,Madhya Pradesh,87707,51050,5087,Hoshangabad,Hoshangabad,840.1300000000001,Hoshangabad,0.0
Finger Millet,5.3099999,8.0900002,4.2600002,44,2017,1,Andhra Pradesh,55301,19214,13016,Srikakulam,Srikakulam,674.830004,Srikakulam,0.0
Finger Millet,18.25,19.09,0.63999999,45,2017,1,Andhra Pradesh,48118,9836,7491,Visakhapatanam,Visakhapatanam,633.17999,Visakhapatanam,0.058204873
Finger Millet,0.28999999,0.28999999,0.0,46,2017,1,Andhra Pradesh,84246,30862,28384,East Godavari,East Godavari,768.5845300000001,East Godavari,0.0
Finger Millet,,,,47,2017,1,Andhra Pradesh,106191,49578,46863,West Godavari,West Godavari,755.60771,West Godavari,0.0
Finger Millet,,,,48,2017,1,Andhra Pradesh,84529,39105,20768,Krishna,Krishna,607.329997,Krishna,11.94890312
Finger Millet,0.72000003,0.91000003,0.54400003,49,2017,1,Andhra Pradesh,173584,89900,25004,Guntur,Guntur,518.73001,Guntur,16.86394141
Finger Millet,0.38999999,0.60000002,0.301,50,2017,1,Andhra Pradesh,98386,38207,20817,Spsr Nellore,Spsr Nellore,446.650001,Spsr Nellore,10.1296106
Finger Millet,0.12,0.2,0.085000001,51,2017,1,Andhra Pradesh,140564,80498,24777,Kurnool,Kurnool,359.79,Kurnool,12.74332121
Finger Millet,2.46,5.9499998,1.92,52,2017,1,Andhra Pradesh,38288,26127,12070,Anantapur,Anantapur,359.970007,Anantapur,12.34188169
Finger Millet,0.18000001,0.34999999,0.17,53,2017,1,Andhra Pradesh,47161,24126,12776,Y.S.R.,Y.S.R.,469.070002,Y.S.R.,4.378520281
Finger Millet,6.73,8.5200005,1.62,54,2017,1,Andhra Pradesh,43320,15960,8962,Chittoor,Chittoor,382.300001,Chittoor,2.652205203
Finger Millet,0.079999998,0.090000004,0.0,55,2017,20,Telangana,29965,15280,10357,Hyderabad,Hyderabad,708.28,Hyderabad,0.0
Finger Millet,,,,56,2017,20,Telangana,93054,30033,11208,Nizamabad,Nizamabad,670.78002,Nizamabad,1.724911466
Finger Millet,,,,57,2017,20,Telangana,13194,8958,2670,Medak,Medak,666.8199999999999,Medak,1.005789909
Finger Millet,1.38,1.5700001,0.244,58,2017,20,Telangana,74046,35010,8556,Mahabubnagar,Mahabubnagar,533.05583,Mahabubnagar,17.58192712
Finger Millet,,,,59,2017,20,Telangana,33043,14763,5605,Nalgonda,Nalgonda,569.40002,Nalgonda,15.80632803
Finger Millet,,,,60,2017,20,Telangana,122203,31481,16202,Warangal,Warangal,791.53,Warangal,18.359901685
Finger Millet,,,,61,2017,20,Telangana,15181,8795,3643,Khammam,Khammam,793.1099899999999,Khammam,31.33744182
Finger Millet,,,,62,2017,20,Telangana,12532,5973,1849,Karimnagar,Karimnagar,637.0799999999999,Karimnagar,11.12488977
Finger Millet,,,,63,2017,20,Telangana,59648,13502,6270,Adilabad,Adilabad,623.0400099999999,Adilabad,0.454825911
Finger Millet,125.46,302.45999,1.75,64,2017,5,Karnataka,37554,15679,5330,Bangalore,Bangalore,593.379999,Bangalore,0.073116581
Finger Millet,115.08,293.09,3.5,65,2017,5,Karnataka,29931,18362,7165,Kolar,Kolar,591.249989,Kolar,0.086816909
Finger Millet,144.55,226.84,3.1800001,66,2017,5,Karnataka,24548,13290,6346,Tumakuru,Tumakuru,459.830011,Tumakuru,1.0458634
Finger Millet,76.139999,136.22,6.1500001,67,2017,5,Karnataka,46920,23006,18188,Mysuru,Mysuru,500.479995,Mysuru,0.949660522
Finger Millet,83.790001,140.67,29.809999,68,2017,5,Karnataka,49044,13855,9299,Mandya,Mandya,467.17999,Mandya,0.102585889
Finger Millet,94.629997,242.27,4.9699998,69,2017,5,Karnataka,32894,19091,15439,Hassan,Hassan,583.919997,Hassan,0.025147948
Finger Millet,73.389999,137.28999,11.94,72,2017,5,Karnataka,63447,36388,13890,Chitradurga,Chitradurga,358.479998,Chitradurga,5.517792473
Finger Millet,11.0,15.23,1.0,73,2017,5,Karnataka,70669,37463,13491,Ballari,Ballari,470.020001,Ballari,6.439305471
Finger Millet,0.19,0.23999999,0.02,74,2017,5,Karnataka,62588,31066,12903,Dharwad,Dharwad,398.939997,Dharwad,63.78398811
Finger Millet,0.43000001,0.60000002,0.0,75,2017,5,Karnataka,92878,39229,33264,Belagavi,Belagavi,387.049988,Belagavi,16.50813143
Finger Millet,,,,76,2017,5,Karnataka,73977,37407,23520,Vijayapura,Vijayapura,508.919997,Vijayapura,32.51771844
Finger Millet,,,,77,2017,5,Karnataka,10275,8497,2388,Bidar,Bidar,687.689999,Bidar,2.144761905
Finger Millet,,,,78,2017,5,Karnataka,115832,62617,22756,Raichur,Raichur,535.689999,Raichur,40.20297263
Finger Millet,,,,79,2017,5,Karnataka,70290,46001,12551,Kalaburagi,Kalaburagi,652.700022,Kalaburagi,14.96447745
Finger Millet,,,,80,2017,5,Karnataka,9700,6090,9147,Dakshina Kannada,Dakshina Kannada,1539.89998,Dakshina Kannada,0.02462354
Finger Millet,,,,81,2017,5,Karnataka,8781,4050,3845,Uttara Kannada,Uttara Kannada,843.01999,Uttara Kannada,0.370385583
Finger Millet,,,,82,2017,5,Karnataka,19657,11983,13550,Kodagu,Kodagu,654.99001,Kodagu,0.0
Finger Millet,2.4400001,7.6500001,0.0,84,2017,11,Tamil Nadu,85137,31903,28361,Cuddalore,Cuddalore,248.689998,Cuddalore,21.8151964
Finger Millet,11.62,42.549999,0.0,85,2017,11,Tamil Nadu,68430,23100,18324,Vellore,Vellore,486.510002,Vellore,1.069750348
Finger Millet,65.839996,250.35001,0.0049999999,86,2017,11,Tamil Nadu,46708,30730,23106,Salem,Salem,347.430001,Salem,1.03138624
Finger Millet,0.02,0.07,0.0,87,2017,11,Tamil Nadu,26117,14250,21215,Coimbatore,Coimbatore,397.839852,Coimbatore,7.470587913
Finger Millet,3.77,11.07,0.0,88,2017,11,Tamil Nadu,68490,25236,26076,Tiruchirappalli,Tiruchirappalli,281.2400004,Tiruchirappalli,12.34029691
Finger Millet,1.76,5.1399999,0.0,89,2017,11,Tamil Nadu,70852,27786,27935,Thanjavur,Thanjavur,329.41344200000003,Thanjavur,49.72568708
Finger Millet,0.050000001,0.19,0.0,90,2017,11,Tamil Nadu,34392,15902,13182,Madurai,Madurai,213.3800009,Madurai,31.60176581
Finger Millet,0.47,2.03,0.0,91,2017,11,Tamil Nadu,40673,6659,3086,Ramanathapuram,Ramanathapuram,92.06000202,Ramanathapuram,55.34157079
Finger Millet,0.050000001,0.22,0.0,92,2017,11,Tamil Nadu,27878,10765,7054,Tirunelveli,Tirunelveli,182.9799996,Tirunelveli,18.40676124
Finger Millet,,,,93,2017,11,Tamil Nadu,4848,1399,1900,The Nilgiris,The Nilgiris,400.929327,The Nilgiris,0.0
Finger Millet,,,,94,2017,11,Tamil Nadu,9769,3667,2443,Kanniyakumari,Kanniyakumari,283.250001,Kanniyakumari,0.311027623
Finger Millet,13.9,14.5,0.0,96,2017,7,Maharashtra,16562,2610,2021,Thane,Thane,3201.87999,Thane,2.603828331
Finger Millet,6.6999998,5.3000002,0.0,97,2017,7,Maharashtra,8955,1235,1219,Raigad,Raigad,3497.56003,Raigad,6.553890926
Finger Millet,16.0,24.0,0.0,98,2017,7,Maharashtra,11045,3303,2364,Ratnagiri,Ratnagiri,3392.85996,Ratnagiri,0.942008525
Finger Millet,1.62,2.21,0.0,100,2017,7,Maharashtra,74311,30280,28300,Dhule,Dhule,212.790001,Dhule,1.993371106
Finger Millet,,,,101,2017,7,Maharashtra,96772,47696,74158,Jalgaon,Jalgaon,674.49999,Jalgaon,11.39637414
Finger Millet,0.1,0.1,0.0,102,2017,7,Maharashtra,105164,66273,41883,Ahmednagar,Ahmednagar,1528.68003,Ahmednagar,2.882446944
Finger Millet,2.7,2.2,0.0,103,2017,7,Maharashtra,97238,48290,34456,Pune,Pune,3811.90996,Pune,1.139323747
Finger Millet,4.5,5.0999999,0.0,104,2017,7,Maharashtra,49264,25804,19926,Satara,Satara,4152.49,Satara,0.486302781
Finger Millet,,,,105,2017,7,Maharashtra,54620,27950,24678,Sangli,Sangli,1854.30002,Sangli,3.064618315
Finger Millet,,,,106,2017,7,Maharashtra,101756,49267,38343,Solapur,Solapur,906.30998,Solapur,3.721281441
Finger Millet,21.299999,34.0,0.0,107,2017,7,Maharashtra,70996,31024,30580,Kolhapur,Kolhapur,2995.15002,Kolhapur,1.226774015
Finger Millet,,,,108,2017,7,Maharashtra,136182,72462,41774,Aurangabad,Aurangabad,1300.21667,Aurangabad,0.870511425
Finger Millet,,,,109,2017,7,Maharashtra,52514,39238,16574,Parbhani,Parbhani,665.220003,Parbhani,0.0
Finger Millet,,,,110,2017,7,Maharashtra,60321,41388,21125,Beed,Beed,702.41001,Beed,0.0
Finger Millet,,,,111,2017,7,Maharashtra,75364,56691,30042,Nanded,Nanded,817.17001,Nanded,0.23905484
Finger Millet,,,,112,2017,7,Maharashtra,57017,50445,19119,Osmanabad,Osmanabad,603.700001,Osmanabad,0.061651055
Finger Millet,,,,113,2017,7,Maharashtra,46834,37943,13656,Buldhana,Buldhana,294.050005,Buldhana,2.436014768
Finger Millet,,,,114,2017,7,Maharashtra,34359,30699,10789,Akola,Akola,266.323455,Akola,7.86291722
Finger Millet,,,,115,2017,7,Maharashtra,35041,25616,13467,Amravati,Amravati,454.040013,Amravati,7.95235118
Finger Millet,,,,117,2017,7,Maharashtra,30404,21073,16426,Wardha,Wardha,749.32998,Wardha,0.0
Finger Millet,,,,118,2017,7,Maharashtra,50667,30322,10873,Nagpur,Nagpur,894.6800000000001,Nagpur,0.0
Finger Millet,,,,119,2017,7,Maharashtra,39166,17288,2044,Bhandara,Bhandara,857.3499899999999,Bhandara,0.0
Finger Millet,,,,120,2017,7,Maharashtra,56306,27211,6878,Chandrapur,Chandrapur,792.41,Chandrapur,0.028132066
Finger Millet,,,,121,2017,3,Gujarat,94632,24161,2928,Ahmadabad,Ahmadabad,577.830477,Ahmadabad,83.01628856
Finger Millet,,,,122,2017,3,Gujarat,47379,24276,2811,Amreli,Amreli,0.0,Amreli,27.80520836
Finger Millet,,,,123,2017,3,Gujarat,120126,36046,12799,Banas Kantha,Banas Kantha,992.529998,Banas Kantha,71.26614624
Finger Millet,,,,124,2017,3,Gujarat,45972,10291,10661,Bharuch,Bharuch,759.0399970000001,Bharuch,47.63096805
Finger Millet,,,,125,2017,3,Gujarat,77898,14371,8959,Vadodara,Vadodara,583.030008,Vadodara,4.29097786
Finger Millet,,,,126,2017,3,Gujarat,62843,29291,5417,Bhavnagar,Bhavnagar,560.5528509999999,Bhavnagar,44.3074253
Finger Millet,4.3200002,3.1400001,0.0,127,2017,3,Gujarat,31633,10840,9019,Valsad,Valsad,2136.90011,Valsad,2.452587927
Finger Millet,7.5599999,7.5100002,0.0,128,2017,3,Gujarat,503,107,56,Dang,Dang,1218.66999,Dang,0.0
Finger Millet,,,,129,2017,3,Gujarat,46817,29139,4865,Jamnagar,Jamnagar,688.27998,Jamnagar,17.3893176
Finger Millet,,,,130,2017,3,Gujarat,64706,33437,7048,Junagadh,Junagadh,0.0,Junagadh,16.38507966
Finger Millet,,,,131,2017,3,Gujarat,128342,16619,7165,Kheda,Kheda,530.939916,Kheda,8.393974429
Finger Millet,,,,135,2017,3,Gujarat,108519,54681,12824,Rajkot,Rajkot,809.272438,Rajkot,0.471389363
Finger Millet,,,,136,2017,3,Gujarat,81747,23767,14109,Sabar Kantha,Sabar Kantha,798.430016,Sabar Kantha,0.074435133
Finger Millet,,,,137,2017,3,Gujarat,80074,30311,27213,Surat,Surat,1027.95003,Surat,17.13575214
Finger Millet,,,,138,2017,3,Gujarat,83525,31749,2648,Surendranagar,Surendranagar,874.500002,Surendranagar,47.37891282
Finger Millet,,,,139,2017,10,Rajasthan,10572,6290,62,Ajmer,Ajmer,477.6,Ajmer,27.88060649
Finger Millet,,,,140,2017,10,Rajasthan,37580,5713,1337,Alwar,Alwar,530.44001,Alwar,0.81667436
Finger Millet,,,,141,2017,10,Rajasthan,32995,5817,500,Banswara,Banswara,52.9400011,Banswara,0.0
Finger Millet,,,,142,2017,10,Rajasthan,12912,2366,281,Barmer,Barmer,703.480009,Barmer,1.063863302
Finger Millet,,,,143,2017,10,Rajasthan,61795,20378,599,Bharatpur,Bharatpur,458.149991,Bharatpur,1.399002977
Finger Millet,,,,144,2017,10,Rajasthan,22307,5226,239,Bhilwara,Bhilwara,521.460001,Bhilwara,49.76963879
Finger Millet,,,,145,2017,10,Rajasthan,22487,10645,232,Bikaner,Bikaner,278.210009,Bikaner,1.039775124
Finger Millet,,,,146,2017,10,Rajasthan,40163,12315,382,Bundi,Bundi,503.719999,Bundi,0.45908667
Finger Millet,,,,147,2017,10,Rajasthan,45171,17017,1479,Chittorgarh,Chittorgarh,562.460006,Chittorgarh,0.395399888
Finger Millet,,,,148,2017,10,Rajasthan,8065,1810,39,Churu,Churu,336.340003,Churu,1.570908906
Finger Millet,,,,149,2017,10,Rajasthan,6142,858,73,Dungarpur,Dungarpur,62.9500017,Dungarpur,0.0
Finger Millet,,,,150,2017,10,Rajasthan,137173,58094,5526,Ganganagar,Ganganagar,433.67001,Ganganagar,2.28452903
Finger Millet,,,,151,2017,10,Rajasthan,60575,22655,1213,Jaipur,Jaipur,339.779995,Jaipur,11.70924672
Finger Millet,,,,152,2017,10,Rajasthan,7838,3190,82,Jaisalmer,Jaisalmer,234.350001,Jaisalmer,0.69657652
Finger Millet,,,,153,2017,10,Rajasthan,29682,6176,1501,Jalore,Jalore,1351.240002,Jalore,23.49586326
Finger Millet,,,,154,2017,10,Rajasthan,30476,14084,346,Jhalawar,Jhalawar,697.7,Jhalawar,0.072560402
Finger Millet,,,,156,2017,10,Rajasthan,35672,17058,1783,Jodhpur,Jodhpur,259.889998,Jodhpur,1.93776392
Finger Millet,,,,157,2017,10,Rajasthan,82586,36328,1863,Kota,Kota,533.379991,Kota,0.214777129
Finger Millet,,,,158,2017,10,Rajasthan,24470,13532,1394,Nagaur,Nagaur,325.370004,Nagaur,2.442048603
Finger Millet,,,,159,2017,10,Rajasthan,13748,11119,604,Pali,Pali,589.130008,Pali,53.93162343
Finger Millet,,,,160,2017,10,Rajasthan,39972,12592,332,Sawai Madhopur,Sawai Madhopur,352.140004,Sawai Madhopur,0.215189671
Finger Millet,,,,161,2017,10,Rajasthan,15594,5243,286,Sikar,Sikar,303.709995,Sikar,3.325295158
Finger Millet,,,,162,2017,10,Rajasthan,14531,4303,406,Sirohi,Sirohi,1346.6699990000002,Sirohi,7.913595042
Finger Millet,,,,163,2017,10,Rajasthan,22553,9945,209,Tonk,Tonk,388.439999,Tonk,2.490306499
Finger Millet,,,,164,2017,10,Rajasthan,34494,10333,2659,Udaipur,Udaipur,303.500012,Udaipur,0.189476333
Finger Millet,,,,165,2017,9,Punjab,87626,16847,2293,Gurdaspur,Gurdaspur,13.5,Gurdaspur,0.115601796
Finger Millet,,,,166,2017,9,Punjab,137546,37153,5623,Amritsar,Amritsar,20.3700009998,Amritsar,2.620032594
Finger Millet,,,,167,2017,9,Punjab,43368,6625,2281,Kapurthala,Kapurthala,40.159999999,Kapurthala,13.36971351
Finger Millet,,,,168,2017,9,Punjab,84815,29066,4517,Jalandhar,Jalandhar,36.71999798980001,Jalandhar,0.0
Finger Millet,,,,169,2017,9,Punjab,55772,21295,3397,Hoshiarpur,Hoshiarpur,25.439999979,Hoshiarpur,5.393188916
Finger Millet,,,,170,2017,9,Punjab,27850,8908,2929,Rupnagar,Rupnagar,13.56999999,Rupnagar,4.353522972
Finger Millet,,,,171,2017,9,Punjab,167082,26004,2370,Ludhiana,Ludhiana,6.2999998898,Ludhiana,0.650642988
Finger Millet,,,,172,2017,9,Punjab,234282,61477,8041,Ferozepur,Ferozepur,13.61,Ferozepur,1.093388217
Finger Millet,,,,174,2017,9,Punjab,187996,33795,9297,Bathinda,Bathinda,4.8999998998,Bathinda,1.404511585
Finger Millet,,,,175,2017,9,Punjab,139068,36351,4210,Sangrur,Sangrur,2.7499999996,Sangrur,0.4048583
Finger Millet,,,,176,2017,9,Punjab,158811,21365,6382,Patiala,Patiala,11.085099862,Patiala,3.11327832
Finger Millet,,,,177,2017,4,Haryana,294303,93574,14466,Hisar,Hisar,212.465392,Hisar,3.181288008
Finger Millet,,,,180,2017,4,Haryana,86086,26452,4543,Gurugram,Gurugram,244.078736,Gurugram,7.170852083
Finger Millet,,,,181,2017,4,Haryana,100027,22141,4945,Jind,Jind,246.816832,Jind,62.86878792
Finger Millet,,,,182,2017,4,Haryana,69467,28506,3232,Mahendragarh,Mahendragarh,227.5327,Mahendragarh,0.067567311
Finger Millet,,,,183,2017,4,Haryana,110935,24676,5835,Ambala,Ambala,368.581908,Ambala,0.0
Finger Millet,,,,184,2017,4,Haryana,269227,53753,9657,Karnal,Karnal,316.704436,Karnal,96.5954103
Finger Millet,,,,186,2017,4,Haryana,119225,31168,3532,Rohtak,Rohtak,264.825716,Rohtak,23.60847211
Finger Millet,,,,189,2017,12,Uttar Pradesh,74705,22791,3929,Saharanpur,Saharanpur,592.29,Saharanpur,26.1007569
Finger Millet,,,,190,2017,12,Uttar Pradesh,61628,22361,4033,Muzaffarnagar,Muzaffarnagar,448.320003,Muzaffarnagar,0.0
Finger Millet,,,,191,2017,12,Uttar Pradesh,126304,42423,8036,Meerut,Meerut,439.509997,Meerut,0.0
Finger Millet,,,,192,2017,12,Uttar Pradesh,75318,29161,6014,Bulandshahr,Bulandshahr,586.01001,Bulandshahr,53.79720919
Finger Millet,,,,194,2017,12,Uttar Pradesh,147208,53176,14941,Aligarh,Aligarh,479.83999,Aligarh,63.80477885
Finger Millet,,,,195,2017,12,Uttar Pradesh,79175,27861,4306,Mathura,Mathura,305.649994,Mathura,52.17909284
Finger Millet,,,,196,2017,12,Uttar Pradesh,136016,50349,22334,Agra,Agra,245.969998,Agra,17.90256009
Finger Millet,,,,197,2017,12,Uttar Pradesh,83825,33051,4412,Mainpuri,Mainpuri,548.679991,Mainpuri,83.43302191
Finger Millet,,,,198,2017,12,Uttar Pradesh,71089,28153,5522,Etah,Etah,440.159997,Etah,77.89130485
Finger Millet,,,,199,2017,12,Uttar Pradesh,61248,18465,3575,Bareilly,Bareilly,826.240009,Bareilly,12.03570477
Finger Millet,,,,200,2017,12,Uttar Pradesh,70074,24426,4650,Budaun,Budaun,654.770011,Budaun,29.65036509
Finger Millet,,,,201,2017,12,Uttar Pradesh,77372,21815,4821,Moradabad,Moradabad,897.1,Moradabad,0.0
Finger Millet,,,,202,2017,12,Uttar Pradesh,109135,34321,7757,Shahjahanpur,Shahjahanpur,791.269999,Shahjahanpur,11.61206617
Finger Millet,,,,203,2017,12,Uttar Pradesh,43952,12733,3917,Pilibhit,Pilibhit,991.670003,Pilibhit,2.866361171
Finger Millet,,,,204,2017,12,Uttar Pradesh,26893,5349,1051,Rampur,Rampur,857.379998,Rampur,10.53140097
Finger Millet,,,,205,2017,12,Uttar Pradesh,42398,14381,3426,Bijnor,Bijnor,611.789981,Bijnor,3.088438948
Finger Millet,,,,206,2017,12,Uttar Pradesh,97642,27112,10933,Farrukhabad,Farrukhabad,630.25,Farrukhabad,30.89250522
Finger Millet,,,,207,2017,12,Uttar Pradesh,67862,27997,2552,Etawah,Etawah,450.760001,Etawah,24.0614579
Finger Millet,,,,208,2017,12,Uttar Pradesh,124649,45131,7720,Kanpur,Kanpur,804.090001,Kanpur,33.529169315
Finger Millet,,,,209,2017,12,Uttar Pradesh,49651,20660,2863,Fatehpur,Fatehpur,728.309991,Fatehpur,38.81640261
Finger Millet,,,,210,2017,12,Uttar Pradesh,108387,39828,13191,Prayagraj,Prayagraj,668.74999,Prayagraj,15.88414142
Finger Millet,,,,211,2017,12,Uttar Pradesh,66983,48399,2534,Jhansi,Jhansi,450.439993,Jhansi,0.582606933
Finger Millet,,,,213,2017,12,Uttar Pradesh,34091,17988,1110,Jalaun,Jalaun,415.319999,Jalaun,2.210888043
Finger Millet,,,,214,2017,12,Uttar Pradesh,33248,20580,1666,Hamirpur,Hamirpur,1487.169973,Hamirpur,1.945764281
Finger Millet,,,,215,2017,12,Uttar Pradesh,31565,19178,2047,Banda,Banda,725.660014,Banda,31.38010403
Finger Millet,,,,216,2017,12,Uttar Pradesh,87883,26904,4706,Varanasi,Varanasi,722.7200029999999,Varanasi,66.12474406
Finger Millet,,,,218,2017,12,Uttar Pradesh,48177,17780,2322,Jaunpur,Jaunpur,781.48,Jaunpur,74.5943704
Finger Millet,,,,219,2017,12,Uttar Pradesh,47591,18207,2463,Ghazipur,Ghazipur,694.669997,Ghazipur,35.3579145
Finger Millet,,,,220,2017,12,Uttar Pradesh,35302,15283,2455,Ballia,Ballia,722.700012,Ballia,8.71385202
Finger Millet,,,,221,2017,12,Uttar Pradesh,111370,33124,9619,Gorakhpur,Gorakhpur,967.42,Gorakhpur,46.83190458
Finger Millet,,,,222,2017,12,Uttar Pradesh,62812,23174,5327,Deoria,Deoria,842.89001,Deoria,8.073508156
Finger Millet,,,,223,2017,12,Uttar Pradesh,88716,31875,7716,Basti,Basti,886.90999,Basti,8.208008697
Finger Millet,,,,224,2017,12,Uttar Pradesh,79550,30817,4398,Azamgarh,Azamgarh,924.900011,Azamgarh,71.83476231
Finger Millet,,,,225,2017,12,Uttar Pradesh,21074,9715,622,Lucknow,Lucknow,727.330004,Lucknow,91.83590103
Finger Millet,,,,226,2017,12,Uttar Pradesh,41140,16272,1593,Unnao,Unnao,606.410013,Unnao,84.79127544
Finger Millet,,,,227,2017,12,Uttar Pradesh,75823,30469,3511,Rae Bareli,Rae Bareli,725.250015,Rae Bareli,71.99218903
Finger Millet,,,,228,2017,12,Uttar Pradesh,88206,32282,7455,Sitapur,Sitapur,825.9399940000001,Sitapur,45.14381337
Finger Millet,,,,229,2017,12,Uttar Pradesh,94914,35036,2807,Hardoi,Hardoi,649.749995,Hardoi,25.28892102
Finger Millet,,,,230,2017,12,Uttar Pradesh,45798,15564,4193,Kheri,Kheri,1036.252406,Kheri,14.0000795
Finger Millet,,,,231,2017,12,Uttar Pradesh,62705,23442,4158,Ayodhya,Ayodhya,674.71,Ayodhya,50.68125474
Finger Millet,,,,232,2017,12,Uttar Pradesh,60511,21845,5206,Gonda,Gonda,817.03999,Gonda,0.79923882
Finger Millet,,,,233,2017,12,Uttar Pradesh,76222,28989,12216,Bahraich,Bahraich,863.960011,Bahraich,0.0
Finger Millet,,,,234,2017,12,Uttar Pradesh,50043,20285,2169,Sultanpur,Sultanpur,609.54,Sultanpur,57.49787596
Finger Millet,,,,235,2017,12,Uttar Pradesh,28992,11866,4210,Pratapgarh,Pratapgarh,777.0900158,Pratapgarh,45.41164744
Finger Millet,,,,236,2017,12,Uttar Pradesh,57527,17469,2933,Barabanki,Barabanki,748.220009,Barabanki,44.39473326
Finger Millet,1.9,3.1099999,0.029999999,237,2017,16,Uttarakhand,117390,15316,6314,Nainital,Nainital,1074.78997,Nainital,10.50496733
Finger Millet,36.919998,40.279999,0.02,238,2017,16,Uttarakhand,428,112,36,Almora,Almora,940.73999,Almora,1.33918839
Finger Millet,11.92,19.790001,0.0,239,2017,16,Uttarakhand,475,127,43,Pithoragarh,Pithoragarh,903.71001,Pithoragarh,0.0
Finger Millet,16.209999,23.91,0.0,240,2017,16,Uttarakhand,86,45,2,Chamoli,Chamoli,851.64001,Chamoli,0.127974096
Finger Millet,5.23,9.2200003,0.0,241,2017,16,Uttarakhand,137,149,33,Uttar Kashi,Uttar Kashi,804.71,Uttar Kashi,0.0
Finger Millet,11.08,17.549999,0.02,242,2017,16,Uttarakhand,75,33,2,Tehri Garhwal,Tehri Garhwal,1039.34999,Tehri Garhwal,1.340415995
Finger Millet,17.08,23.049999,0.0,243,2017,16,Uttarakhand,374,103,6,Pauri Garhwal,Pauri Garhwal,952.10999,Pauri Garhwal,1.118322468
Finger Millet,1.17,1.9400001,0.0,244,2017,16,Uttarakhand,3319,887,99,Dehradun,Dehradun,1146.29001,Dehradun,7.676887549
Finger Millet,,,,601,2017,17,Assam,18845,6022,5409,Cachar,Cachar,2143.05142,Cachar,0.0
Finger Millet,,,,602,2017,17,Assam,17159,5484,4925,Darrang,Darrang,906.07673,Darrang,0.0
Finger Millet,,,,603,2017,17,Assam,15212,4861,4367,Dibrugarh,Dibrugarh,1255.43999,Dibrugarh,0.0
Finger Millet,,,,604,2017,17,Assam,30285,9638,8693,Goalpara,Goalpara,1984.64999,Goalpara,0.0
Finger Millet,,,,605,2017,17,Assam,27341,8737,7849,Kamrup,Kamrup,1274.37878,Kamrup,0.007592246
Finger Millet,,,,606,2017,17,Assam,3226,1031,926,Karbi Anglong,Karbi Anglong,0.0,Karbi Anglong,0.0
Finger Millet,,,,607,2017,17,Assam,10347,3306,2966,Lakhimpur,Lakhimpur,1775.56567,Lakhimpur,0.421320792
Finger Millet,,,,609,2017,17,Assam,15521,4960,4456,Nagaon,Nagaon,994.18001,Nagaon,0.0
Finger Millet,,,,626,2017,18,Himachal Pradesh,1915,107,45,Bilashpur,Bilashpur,933.140022,,
Finger Millet,,,,627,2017,18,Himachal Pradesh,1134,88,63,Chamba,Chamba,685.920001,Chamba,0.0
Finger Millet,,,,629,2017,18,Himachal Pradesh,14180,2766,1409,Kangra,Kangra,1190.30002,Kangra,0.251895137
Finger Millet,0.02,0.0099999998,0.0099999998,630,2017,18,Himachal Pradesh,111,64,89,Kinnaur,Kinnaur,392.039999,Kinnaur,0.0
Finger Millet,0.2,0.16,0.33399999,631,2017,18,Himachal Pradesh,2786,1384,1882,Kullu,Kullu,721.359994,Kullu,1.105313459
Finger Millet,,,,632,2017,18,Himachal Pradesh,182,183,109,Lahul And Spiti,Lahul And Spiti,673.3599939999999,Lahul And Spiti,0.0
Finger Millet,,,,633,2017,18,Himachal Pradesh,2429,474,253,Solan,Solan,624.739997,Solan,0.982709001
Finger Millet,0.69999999,0.69,11.696,634,2017,18,Himachal Pradesh,4378,1152,892,Mandi,Mandi,985.429998,Mandi,1.919423925
Finger Millet,0.63999999,0.89999998,0.40099999,635,2017,18,Himachal Pradesh,6111,2888,6051,Shimla,Shimla,567.73001,Shimla,1.735352711
Finger Millet,0.25,0.15000001,9.4180002,636,2017,18,Himachal Pradesh,3375,665,387,Sirmaur,Sirmaur,753.0799999999999,Sirmaur,0.248091983
Finger Millet,,,,651,2017,19,Kerala,9747,2587,2629,Alappuzha,Alappuzha,726.98999,Alappuzha,0.0
Finger Millet,,,,652,2017,19,Kerala,11783,4305,7718,Kannur,Kannur,896.6299899999999,Kannur,0.0
Finger Millet,0.029999999,0.050000001,0.0,655,2017,19,Kerala,25706,9087,12772,Kottayam,Kottayam,581.350009,Kottayam,0.0
Finger Millet,,,,656,2017,19,Kerala,9488,3722,7182,Kozhikode,Kozhikode,471.289997,Kozhikode,0.0
Finger Millet,,,,657,2017,19,Kerala,9128,3381,5504,Malappuram,Malappuram,382.879997,Malappuram,0.0
Finger Millet,0.050000001,0.050000001,0.0,658,2017,19,Kerala,28176,5271,6717,Palakkad,Palakkad,570.08,Palakkad,0.0
Finger Millet,,,,659,2017,19,Kerala,6507,3559,4216,Kollam,Kollam,687.790002,Kollam,0.0
Finger Millet,,,,660,2017,19,Kerala,12512,3057,4532,Thrissur,Thrissur,734.31998,Thrissur,0.0
Finger Millet,,,,661,2017,19,Kerala,6500,1439,809,Thiruvananthapuram,Thiruvananthapuram,565.98001,Thiruvananthapuram,0.0
Finger Millet,0.07,0.050000001,0.0,901,2017,2,Bihar,125927,46593,20330,Champaran,Champaran,1549.7899980000002,Champaran,14.645806636
Finger Millet,0.090000004,0.090000004,0.050000001,902,2017,2,Bihar,109463,43421,21188,Muzaffarpur,Muzaffarpur,642.720001,Muzaffarpur,32.96913214
Finger Millet,0.64999998,1.22,0.60000002,903,2017,2,Bihar,79877,31528,13340,Darbhanga,Darbhanga,1001.969987,Darbhanga,0.001554714
Finger Millet,1.98,1.4400001,0.0,904,2017,2,Bihar,44082,18294,11692,Saharsa,Saharsa,839.480022,Saharsa,4.42241708
Finger Millet,0.94,0.92000002,0.0,906,2017,2,Bihar,65685,16211,3535,Saran,Saran,359.05000199999995,Saran,36.82237186
Finger Millet,,,,907,2017,2,Bihar,90899,24771,4278,Patna,Patna,504.499998,Patna,7.589995311
Finger Millet,0.1,0.1,0.0,908,2017,2,Bihar,125661,42562,21130,Munger,Munger,403.819986,Munger,0.0
Finger Millet,,,,909,2017,2,Bihar,60780,19306,11211,Bhagalpur,Bhagalpur,625.79999,Bhagalpur,2.950756596
Finger Millet,1.6900001,1.21,17.784,910,2017,15,Jharkhand,29186,28287,7303,Dumka,Dumka,915.57999,Dumka,0.0
Finger Millet,,,,911,2017,2,Bihar,162928,50799,7932,Bhojpur,Bhojpur,331.780011,Bhojpur,25.36546075
Finger Millet,0.25,0.25,0.0099999998,912,2017,2,Bihar,99317,30221,4369,Gaya,Gaya,592.5899890000001,Gaya,1.25790507
Finger Millet,2.6400001,1.85,16.091,913,2017,15,Jharkhand,15376,11091,1486,Hazaribagh,Hazaribagh,1126.25002,Hazaribagh,0.0
Finger Millet,0.28999999,0.2,0.245,914,2017,15,Jharkhand,427,297,82,Dhanbad,Dhanbad,909.95002,Dhanbad,0.0
Finger Millet,0.28,0.31,24.889999,915,2017,15,Jharkhand,16063,8959,1702,Palamu,Palamu,696.489987,Palamu,0.0
Finger Millet,11.21,13.14,4.7519999,916,2017,15,Jharkhand,28893,20374,3949,Ranchi,Ranchi,1184.74001,Ranchi,0.0
Finger Millet,2.9100001,1.78,0.285,917,2017,15,Jharkhand,2588,1600,122,Singhbhum,Singhbhum,686.2199889999999,Singhbhum,0.0
